<?xml version="1.0" encoding="UTF-8"?>
<settings>
<setting name="penalty" value="10"/>
<setting name="studentReservationPeriod" value="2"/>
<setting name="studentReservationLimit" value="2"/>
<setting name="studentLoanPeriod" value="1"/>
<setting name="studentLoanLimit" value="2"/>
<setting name="facultyReservationPeriod" value="2"/>
<setting name="facultyReservationLimit" value="2"/>
<setting name="facultyLoanPeriod" value="7"/>
<setting name="facultyLoanLimit" value="2"/>
</settings>
